-- phpMyAdmin SQL Dump
-- version 5.2.1
-- https://www.phpmyadmin.net/
--
-- Host: 127.0.0.1
-- Generation Time: Jun 13, 2025 at 08:41 AM
-- Server version: 10.4.32-MariaDB
-- PHP Version: 8.1.25

SET SQL_MODE = "NO_AUTO_VALUE_ON_ZERO";
START TRANSACTION;
SET time_zone = "+00:00";


/*!40101 SET @OLD_CHARACTER_SET_CLIENT=@@CHARACTER_SET_CLIENT */;
/*!40101 SET @OLD_CHARACTER_SET_RESULTS=@@CHARACTER_SET_RESULTS */;
/*!40101 SET @OLD_COLLATION_CONNECTION=@@COLLATION_CONNECTION */;
/*!40101 SET NAMES utf8mb4 */;

--
-- Database: `bm112`
--

-- --------------------------------------------------------

--
-- Table structure for table `bangdutoanchiphi`
--

CREATE TABLE `bangdutoanchiphi` (
  `id` varchar(255) NOT NULL,
  `noi_dung` text NOT NULL,
  `du_toan` double NOT NULL,
  `tam_ung` double NOT NULL,
  `noi_dung_cua` varchar(255) NOT NULL DEFAULT '0',
  `da_chi` double NOT NULL,
  `ghi_chu` text NOT NULL
) ENGINE=InnoDB DEFAULT CHARSET=utf8mb4 COLLATE=utf8mb4_general_ci;

--
-- Dumping data for table `bangdutoanchiphi`
--

INSERT INTO `bangdutoanchiphi` (`id`, `noi_dung`, `du_toan`, `tam_ung`, `noi_dung_cua`, `da_chi`, `ghi_chu`) VALUES
('1', 'Khấu hao thiết bị', 0, 0, '0', 135833, 'Khấu hao máy scan'),
('10', '', 130000000, 0, '3', 0, 'Nhập liệu A4'),
('100', '', 0, 0, '7', 0, ''),
('101', '', 0, 0, '7', 0, ''),
('102', '', 0, 0, '7', 0, ''),
('103', '', 0, 0, '7', 0, ''),
('104', '', 0, 0, '7', 0, ''),
('105', '', 0, 0, '7', 0, ''),
('106', '', 0, 0, '7', 0, ''),
('107', '', 0, 0, '7', 0, ''),
('108', '', 0, 0, '7', 0, ''),
('109', '', 0, 0, '7', 0, ''),
('11', '', 60000000, 0, '1', 0, 'Máy scan A4'),
('12', '', 55000000, 11000000, '1', 8000000, 'Máy scan A21'),
('13', '', 40000000, 0, '1', 0, 'Máy scan A1'),
('14', '', 0, 0, '1', 0, ''),
('15', '', 0, 0, '1', 0, ''),
('16', '', 0, 0, '1', 0, ''),
('17', '', 0, 0, '1', 0, ''),
('18', '', 0, 0, '1', 0, ''),
('2', 'Chi phí thuê, mua (thiết bị+mặt bằng)', 0, 0, '0', 0, ''),
('21', '', 120000000, 0, '3', 0, 'Nhập liệu A42'),
('22', '', 0, 0, '3', 0, ''),
('23', '', 0, 0, '3', 0, ''),
('24', '', 0, 0, '3', 0, ''),
('25', '', 0, 0, '3', 0, ''),
('26', '', 0, 0, '3', 0, ''),
('27', '', 0, 0, '3', 0, ''),
('28', '', 0, 0, '3', 0, ''),
('29', '', 0, 0, '3', 0, ''),
('3', 'Chi phí nhân sự thi công', 0, 0, '0', 11230000000, 'Lương nhân sự'),
('31', '', 0, 0, '3', 0, ''),
('32', '', 0, 0, '3', 0, ''),
('33', '', 0, 0, '3', 0, ''),
('34', '', 0, 0, '3', 0, ''),
('35', '', 0, 0, '3', 0, ''),
('36', '', 0, 0, '3', 0, ''),
('37', '', 0, 0, '3', 0, ''),
('38', '', 0, 0, '3', 0, ''),
('39', '', 0, 0, '3', 0, ''),
('4', 'Chi phí ăn', 0, 0, '0', 0, ''),
('40', '', 0, 0, '3', 0, ''),
('41', '', 0, 0, '3', 0, ''),
('42', '', 0, 0, '3', 0, ''),
('43', '', 0, 0, '3', 0, ''),
('44', '', 0, 0, '3', 0, ''),
('46', '', 0, 0, '3', 0, ''),
('47', '', 0, 0, '2', 0, ''),
('48', '', 0, 0, '2', 0, ''),
('49', '', 0, 0, '2', 0, ''),
('5', 'Chi phí nhà ở', 0, 0, '0', 0, ''),
('50', '', 0, 0, '2', 0, ''),
('51', '', 0, 0, '2', 0, ''),
('52', '', 0, 0, '2', 0, ''),
('53', '', 0, 0, '2', 0, ''),
('54', '', 0, 0, '2', 0, ''),
('55', '', 0, 0, '2', 0, ''),
('56', '', 0, 0, '2', 0, ''),
('57', '', 0, 0, '2', 0, ''),
('58', '', 0, 0, '2', 0, ''),
('6', 'Chi phí di chuyển', 0, 0, '0', 0, ''),
('64', '', 0, 0, '4', 0, ''),
('65', '', 0, 0, '4', 0, ''),
('66', '', 0, 0, '4', 0, ''),
('67', '', 0, 0, '4', 0, ''),
('68', '', 0, 0, '4', 0, ''),
('69', '', 0, 0, '4', 0, ''),
('7', 'Chi phí khác', 0, 0, '0', 0, ''),
('70', '', 0, 0, '4', 0, ''),
('71', '', 0, 0, '4', 0, ''),
('72', '', 0, 0, '4', 0, ''),
('73', '', 0, 0, '4', 0, ''),
('8', '', 0, 0, '1', 0, ''),
('80', '', 0, 0, '5', 0, ''),
('81', '', 0, 0, '5', 0, ''),
('82', '', 0, 0, '5', 0, ''),
('83', '', 0, 0, '5', 0, ''),
('84', '', 0, 0, '5', 0, ''),
('85', '', 0, 0, '5', 0, ''),
('86', '', 0, 0, '5', 0, ''),
('87', '', 0, 0, '5', 0, ''),
('88', '', 0, 0, '5', 0, ''),
('89', '', 0, 0, '5', 0, ''),
('9', '', 0, 0, '1', 0, ''),
('90', '', 0, 0, '6', 0, ''),
('91', '', 0, 0, '6', 0, ''),
('92', '', 0, 0, '6', 0, ''),
('93', '', 0, 0, '6', 0, ''),
('94', '', 0, 0, '6', 0, ''),
('95', '', 0, 0, '6', 0, ''),
('96', '', 0, 0, '6', 0, ''),
('97', '', 0, 0, '6', 0, ''),
('98', '', 0, 0, '6', 0, ''),
('99', '', 0, 0, '6', 0, '');

-- --------------------------------------------------------

--
-- Table structure for table `chamcong`
--

CREATE TABLE `chamcong` (
  `id_cham_cong` int(11) NOT NULL,
  `id_nhan_su` int(11) NOT NULL,
  `id_cong_viec` int(11) NOT NULL,
  `id_loai_cong_viec` int(11) NOT NULL,
  `id_noi_dung_cong_viec` int(11) NOT NULL,
  `ngay_thi_cong` date NOT NULL,
  `thoi_gian` varchar(255) NOT NULL,
  `khoi_luong` varchar(255) NOT NULL,
  `status` int(11) NOT NULL DEFAULT 1
) ENGINE=InnoDB DEFAULT CHARSET=utf8mb4 COLLATE=utf8mb4_general_ci;

--
-- Dumping data for table `chamcong`
--

INSERT INTO `chamcong` (`id_cham_cong`, `id_nhan_su`, `id_cong_viec`, `id_loai_cong_viec`, `id_noi_dung_cong_viec`, `ngay_thi_cong`, `thoi_gian`, `khoi_luong`, `status`) VALUES
(501, 1, 1, 1, 26, '2025-05-20', '8', '0', 1),
(502, 1, 2, 0, 0, '2025-05-20', '', '', 1),
(503, 1, 3, 0, 0, '2025-05-20', '', '', 1),
(504, 1, 4, 0, 0, '2025-05-20', '', '', 1),
(505, 5, 1, 1, 30, '2025-05-21', '2', '1398', 1),
(506, 5, 2, 1, 31, '2025-05-21', '6', '1713', 1),
(507, 5, 3, 0, 0, '2025-05-21', '', '', 1),
(508, 5, 4, 0, 0, '2025-05-21', '', '', 1),
(509, 5, 1, 1, 30, '2025-05-16', '8', '1896', 1),
(510, 5, 2, 0, 0, '2025-05-16', '', '', 1),
(511, 5, 3, 0, 0, '2025-05-16', '', '', 1),
(512, 5, 4, 0, 0, '2025-05-16', '', '', 1),
(513, 4, 1, 1, 31, '2025-05-21', '8', '2532', 1),
(514, 4, 2, 0, 0, '2025-05-21', '', '', 1),
(515, 4, 3, 0, 0, '2025-05-21', '', '', 1),
(516, 4, 4, 0, 0, '2025-05-21', '', '', 1),
(517, 6, 1, 1, 30, '2025-05-21', '8', '2461', 1),
(518, 6, 2, 0, 0, '2025-05-21', '', '', 1),
(519, 6, 3, 0, 0, '2025-05-21', '', '', 1),
(520, 6, 4, 0, 0, '2025-05-21', '', '', 1),
(521, 1, 1, 1, 26, '2025-05-22', '8', '0', 1),
(522, 1, 2, 0, 0, '2025-05-22', '', '', 1),
(523, 1, 3, 0, 0, '2025-05-22', '', '', 1),
(524, 1, 4, 0, 0, '2025-05-22', '', '', 1),
(525, 1, 1, 1, 32, '2025-05-14', '8', '0', 1),
(526, 1, 2, 0, 0, '2025-05-14', '', '', 1),
(527, 1, 3, 0, 0, '2025-05-14', '', '', 1),
(528, 1, 4, 0, 0, '2025-05-14', '', '', 1),
(529, 1, 1, 1, 32, '2025-05-15', '8', '0', 1),
(530, 1, 2, 0, 0, '2025-05-15', '', '', 1),
(531, 1, 3, 0, 0, '2025-05-15', '', '', 1),
(532, 1, 4, 0, 0, '2025-05-15', '', '', 1),
(533, 1, 1, 1, 26, '2025-05-16', '8', '0', 1),
(534, 1, 2, 0, 0, '2025-05-16', '', '', 1),
(535, 1, 3, 0, 0, '2025-05-16', '', '', 1),
(536, 1, 4, 0, 0, '2025-05-16', '', '', 1),
(537, 1, 1, 1, 26, '2025-05-17', '8', '0', 1),
(538, 1, 2, 0, 0, '2025-05-17', '', '', 1),
(539, 1, 3, 0, 0, '2025-05-17', '', '', 1),
(540, 1, 4, 0, 0, '2025-05-17', '', '', 1),
(541, 1, 1, 1, 26, '2025-05-19', '8', '0', 1),
(542, 1, 2, 0, 0, '2025-05-19', '', '', 1),
(543, 1, 3, 0, 0, '2025-05-19', '', '', 1),
(544, 1, 4, 0, 0, '2025-05-19', '', '', 1),
(545, 1, 1, 1, 26, '2025-05-21', '8', '0', 1),
(546, 1, 2, 0, 0, '2025-05-21', '', '', 1),
(547, 1, 3, 0, 0, '2025-05-21', '', '', 1),
(548, 1, 4, 0, 0, '2025-05-21', '', '', 1),
(549, 2, 1, 1, 31, '2025-05-16', '4', '933', 1),
(550, 2, 2, 1, 33, '2025-05-16', '4', '187', 1),
(551, 2, 3, 0, 0, '2025-05-16', '', '', 1),
(552, 2, 4, 0, 0, '2025-05-16', '', '', 1),
(553, 2, 1, 1, 31, '2025-05-17', '4', '675', 1),
(554, 2, 2, 1, 33, '2025-05-17', '4', '575', 1),
(555, 2, 3, 0, 0, '2025-05-17', '', '', 1),
(556, 2, 4, 0, 0, '2025-05-17', '', '', 1),
(557, 2, 1, 1, 31, '2025-05-20', '4', '400', 1),
(558, 2, 2, 1, 33, '2025-05-20', '4', '161', 1),
(559, 2, 3, 0, 0, '2025-05-20', '', '', 1),
(560, 2, 4, 0, 0, '2025-05-20', '', '', 1),
(561, 3, 1, 1, 30, '2025-05-16', '8', '2131', 1),
(562, 3, 2, 0, 0, '2025-05-16', '', '', 1),
(563, 3, 3, 0, 0, '2025-05-16', '', '', 1),
(564, 3, 4, 0, 0, '2025-05-16', '', '', 1),
(565, 3, 1, 1, 30, '2025-05-17', '8', '1392', 1),
(566, 3, 2, 0, 0, '2025-05-17', '', '', 1),
(567, 3, 3, 0, 0, '2025-05-17', '', '', 1),
(568, 3, 4, 0, 0, '2025-05-17', '', '', 1),
(569, 3, 1, 1, 30, '2025-05-19', '8', '4180', 1),
(570, 3, 2, 0, 0, '2025-05-19', '', '', 1),
(571, 3, 3, 0, 0, '2025-05-19', '', '', 1),
(572, 3, 4, 0, 0, '2025-05-19', '', '', 1),
(573, 3, 1, 1, 30, '2025-05-20', '8', '2095', 1),
(574, 3, 2, 0, 0, '2025-05-20', '', '', 1),
(575, 3, 3, 0, 0, '2025-05-20', '', '', 1),
(576, 3, 4, 0, 0, '2025-05-20', '', '', 1),
(577, 3, 1, 1, 30, '2025-05-21', '8', '1901', 1),
(578, 3, 2, 0, 0, '2025-05-21', '', '', 1),
(579, 3, 3, 0, 0, '2025-05-21', '', '', 1),
(580, 3, 4, 0, 0, '2025-05-21', '', '', 1),
(581, 4, 1, 1, 31, '2025-05-16', '4', '843', 1),
(582, 4, 2, 0, 0, '2025-05-16', '', '', 1),
(583, 4, 3, 0, 0, '2025-05-16', '', '', 1),
(584, 4, 4, 0, 0, '2025-05-16', '', '', 1),
(585, 4, 1, 1, 31, '2025-05-17', '8', '2699', 1),
(586, 4, 2, 0, 0, '2025-05-17', '', '', 1),
(587, 4, 3, 0, 0, '2025-05-17', '', '', 1),
(588, 4, 4, 0, 0, '2025-05-17', '', '', 1),
(589, 4, 1, 1, 31, '2025-05-20', '8', '1130', 1),
(590, 4, 2, 0, 0, '2025-05-20', '', '', 1),
(591, 4, 3, 0, 0, '2025-05-20', '', '', 1),
(592, 4, 4, 0, 0, '2025-05-20', '', '', 1),
(593, 5, 1, 1, 30, '2025-05-17', '8', '2386', 1),
(594, 5, 2, 0, 0, '2025-05-17', '', '', 1),
(595, 5, 3, 0, 0, '2025-05-17', '', '', 1),
(596, 5, 4, 0, 0, '2025-05-17', '', '', 1),
(597, 5, 1, 1, 30, '2025-05-19', '8', '3377', 1),
(598, 5, 2, 0, 0, '2025-05-19', '', '', 1),
(599, 5, 3, 0, 0, '2025-05-19', '', '', 1),
(600, 5, 4, 0, 0, '2025-05-19', '', '', 1),
(601, 5, 1, 1, 30, '2025-05-20', '8', '4861', 1),
(602, 5, 2, 0, 0, '2025-05-20', '', '', 1),
(603, 5, 3, 0, 0, '2025-05-20', '', '', 1),
(604, 5, 4, 0, 0, '2025-05-20', '', '', 1),
(605, 6, 1, 1, 30, '2025-05-16', '8', '1753', 1),
(606, 6, 2, 0, 0, '2025-05-16', '', '', 1),
(607, 6, 3, 0, 0, '2025-05-16', '', '', 1),
(608, 6, 4, 0, 0, '2025-05-16', '', '', 1),
(609, 6, 1, 1, 30, '2025-05-17', '8', '2094', 1),
(610, 6, 2, 0, 0, '2025-05-17', '', '', 1),
(611, 6, 3, 0, 0, '2025-05-17', '', '', 1),
(612, 6, 4, 0, 0, '2025-05-17', '', '', 1),
(613, 6, 1, 1, 30, '2025-05-19', '8', '3034', 1),
(614, 6, 2, 0, 0, '2025-05-19', '', '', 1),
(615, 6, 3, 0, 0, '2025-05-19', '', '', 1),
(616, 6, 4, 0, 0, '2025-05-19', '', '', 1),
(617, 6, 1, 1, 30, '2025-05-20', '8', '3661', 1),
(618, 6, 2, 0, 0, '2025-05-20', '', '', 1),
(619, 6, 3, 0, 0, '2025-05-20', '', '', 1),
(620, 6, 4, 0, 0, '2025-05-20', '', '', 1),
(621, 2, 1, 1, 31, '2025-05-22', '8', '2169', 1),
(622, 2, 2, 0, 0, '2025-05-22', '', '', 1),
(623, 2, 3, 0, 0, '2025-05-22', '', '', 1),
(624, 2, 4, 0, 0, '2025-05-22', '', '', 1),
(625, 5, 1, 3, 30, '2025-05-22', '2', '1809', 0),
(626, 5, 2, 3, 31, '2025-05-22', '6', '2055', 0),
(627, 5, 3, 0, 0, '2025-05-22', '', '', 0),
(628, 5, 4, 0, 0, '2025-05-22', '', '', 0),
(629, 3, 1, 3, 30, '2025-05-22', '2', '1809', 1),
(630, 3, 2, 3, 31, '2025-05-22', '6', '2055', 1),
(631, 3, 3, 0, 0, '2025-05-22', '', '', 1),
(632, 3, 4, 0, 0, '2025-05-22', '', '', 1),
(633, 5, 1, 1, 31, '2025-05-22', '8', '2758', 1),
(634, 5, 2, 0, 0, '2025-05-22', '', '', 1),
(635, 5, 3, 0, 0, '2025-05-22', '', '', 1),
(636, 5, 4, 0, 0, '2025-05-22', '', '', 1),
(637, 6, 1, 3, 30, '2025-05-22', '8', '3526', 1),
(638, 6, 2, 0, 0, '2025-05-22', '', '', 1),
(639, 6, 3, 0, 0, '2025-05-22', '', '', 1),
(640, 6, 4, 0, 0, '2025-05-22', '', '', 1),
(641, 2, 1, 1, 31, '2025-05-23', '8', '2564', 1),
(642, 2, 2, 0, 0, '2025-05-23', '', '', 1),
(643, 2, 3, 0, 0, '2025-05-23', '', '', 1),
(644, 2, 4, 0, 0, '2025-05-23', '', '', 1),
(645, 1, 1, 1, 26, '2025-05-23', '8', '0', 1),
(646, 1, 2, 0, 0, '2025-05-23', '', '', 1),
(647, 1, 3, 0, 0, '2025-05-23', '', '', 1),
(648, 1, 4, 0, 0, '2025-05-23', '', '', 1),
(649, 6, 1, 3, 31, '2025-05-23', '8', '3894', 0),
(650, 6, 2, 4, 30, '2025-05-23', '2', '2183', 0),
(651, 6, 3, 0, 0, '2025-05-23', '', '', 0),
(652, 6, 4, 0, 0, '2025-05-23', '', '', 0),
(653, 4, 1, 1, 31, '2025-05-23', '8', '4126', 1),
(654, 4, 2, 2, 31, '2025-05-23', '2', '850', 1),
(655, 4, 3, 0, 0, '2025-05-23', '', '', 1),
(656, 4, 4, 0, 0, '2025-05-23', '', '', 1),
(657, 3, 1, 3, 30, '2025-05-23', '5', '2958', 1),
(658, 3, 2, 3, 31, '2025-05-23', '1', '400', 1),
(659, 3, 3, 0, 0, '2025-05-23', '', '', 1),
(660, 3, 4, 0, 0, '2025-05-23', '', '', 1),
(661, 5, 1, 3, 30, '2025-05-24', '4', '3715', 1),
(662, 5, 2, 0, 0, '2025-05-24', '', '', 1),
(663, 5, 3, 0, 0, '2025-05-24', '', '', 1),
(664, 5, 4, 0, 0, '2025-05-24', '', '', 1),
(665, 5, 1, 3, 31, '2025-05-23', '2', '1637', 1),
(666, 5, 2, 3, 30, '2025-05-23', '6', '3544', 1),
(667, 5, 3, 4, 30, '2025-05-23', '2', '1181', 1),
(668, 5, 4, 0, 0, '2025-05-23', '', '', 1),
(669, 6, 1, 3, 30, '2025-05-24', '4', '2368', 1),
(670, 6, 2, 0, 0, '2025-05-24', '', '', 1),
(671, 6, 3, 0, 0, '2025-05-24', '', '', 1),
(672, 6, 4, 0, 0, '2025-05-24', '', '', 1),
(673, 6, 1, 3, 31, '2025-05-23', '6', '4294', 1),
(674, 6, 2, 3, 30, '2025-05-23', '2', '1010', 1),
(675, 6, 3, 4, 30, '2025-05-23', '2', '1173', 1),
(676, 6, 4, 0, 0, '2025-05-23', '', '', 1),
(677, 4, 1, 3, 31, '2025-05-24', '7', '4062', 1),
(678, 4, 2, 0, 0, '2025-05-24', '', '', 1),
(679, 4, 3, 0, 0, '2025-05-24', '', '', 1),
(680, 4, 4, 0, 0, '2025-05-24', '', '', 1),
(681, 3, 1, 3, 30, '2025-05-26', '4', '2920', 1),
(682, 3, 2, 3, 31, '2025-05-26', '4', '2557', 1),
(683, 3, 3, 4, 31, '2025-05-26', '1', '1000', 1),
(684, 3, 4, 0, 0, '2025-05-26', '', '', 1),
(685, 1, 1, 1, 26, '2025-05-26', '8', '0', 1),
(686, 1, 2, 2, 26, '2025-05-26', '2', '0', 1),
(687, 1, 3, 0, 0, '2025-05-26', '', '', 1),
(688, 1, 4, 0, 0, '2025-05-26', '', '', 1),
(689, 6, 1, 3, 30, '2025-05-26', '8', '4203', 1),
(690, 6, 2, 4, 30, '2025-05-26', '3', '1680', 1),
(691, 6, 3, 0, 0, '2025-05-26', '', '', 1),
(692, 6, 4, 0, 0, '2025-05-26', '', '', 1),
(693, 5, 1, 3, 30, '2025-05-26', '8', '4251', 1),
(694, 5, 2, 4, 30, '2025-05-26', '3', '2510', 1),
(695, 5, 3, 0, 0, '2025-05-26', '', '', 1),
(696, 5, 4, 0, 0, '2025-05-26', '', '', 1),
(697, 2, 1, 3, 31, '2025-05-24', '8', '2610', 1),
(698, 2, 2, 0, 0, '2025-05-24', '', '', 1),
(699, 2, 3, 0, 0, '2025-05-24', '', '', 1),
(700, 2, 4, 0, 0, '2025-05-24', '', '', 1),
(701, 2, 1, 3, 31, '2025-05-27', '6', '1960', 1),
(702, 2, 2, 0, 0, '2025-05-27', '', '', 1),
(703, 2, 3, 0, 0, '2025-05-27', '', '', 1),
(704, 2, 4, 0, 0, '2025-05-27', '', '', 1),
(705, 3, 1, 3, 30, '2025-05-24', '4', '2557', 1),
(706, 3, 2, 0, 0, '2025-05-24', '', '', 1),
(707, 3, 3, 0, 0, '2025-05-24', '', '', 1),
(708, 3, 4, 0, 0, '2025-05-24', '', '', 1),
(709, 1, 1, 1, 26, '2025-05-24', '8', '0', 1),
(710, 1, 2, 0, 0, '2025-05-24', '', '', 1),
(711, 1, 3, 0, 0, '2025-05-24', '', '', 1),
(712, 1, 4, 0, 0, '2025-05-24', '', '', 1),
(713, 6, 1, 3, 30, '2025-05-27', '8', '4224', 1),
(714, 6, 2, 4, 30, '2025-05-27', '2', '1300', 1),
(715, 6, 3, 0, 0, '2025-05-27', '', '', 1),
(716, 6, 4, 0, 0, '2025-05-27', '', '', 1),
(717, 3, 1, 3, 30, '2025-05-27', '6', '2193', 1),
(718, 3, 2, 0, 0, '2025-05-27', '', '', 1),
(719, 3, 3, 0, 0, '2025-05-27', '', '', 1),
(720, 3, 4, 0, 0, '2025-05-27', '', '', 1),
(721, 4, 1, 3, 31, '2025-05-27', '8', '5500', 1),
(722, 4, 2, 4, 31, '2025-05-27', '2', '571', 1),
(723, 4, 3, 0, 0, '2025-05-27', '', '', 1),
(724, 4, 4, 0, 0, '2025-05-27', '', '', 1),
(725, 5, 1, 3, 31, '2025-05-27', '4', '2387', 1),
(726, 5, 2, 3, 30, '2025-05-27', '4', '3470', 1),
(727, 5, 3, 4, 30, '2025-05-27', '2', '1884', 1),
(728, 5, 4, 0, 0, '2025-05-27', '', '', 1),
(729, 2, 1, 3, 31, '2025-05-28', '8', '2922', 1),
(730, 2, 2, 0, 0, '2025-05-28', '', '', 1),
(731, 2, 3, 0, 0, '2025-05-28', '', '', 1),
(732, 2, 4, 0, 0, '2025-05-28', '', '', 1),
(733, 3, 1, 3, 30, '2025-05-28', '8', '2427', 1),
(734, 3, 2, 4, 30, '2025-05-28', '2', '2188', 1),
(735, 3, 3, 0, 0, '2025-05-28', '', '', 1),
(736, 3, 4, 0, 0, '2025-05-28', '', '', 1),
(737, 6, 1, 3, 30, '2025-05-28', '8', '4231', 1),
(738, 6, 2, 4, 30, '2025-05-28', '2', '1147', 1),
(739, 6, 3, 0, 0, '2025-05-28', '', '', 1),
(740, 6, 4, 0, 0, '2025-05-28', '', '', 1),
(741, 4, 1, 3, 31, '2025-05-28', '8', '4425', 1),
(742, 4, 2, 4, 31, '2025-05-28', '2', '814', 1),
(743, 4, 3, 0, 0, '2025-05-28', '', '', 1),
(744, 4, 4, 0, 0, '2025-05-28', '', '', 1),
(745, 1, 1, 1, 26, '2025-05-28', '8', '0', 1),
(746, 1, 2, 2, 26, '2025-05-28', '2', '0', 1),
(747, 1, 3, 0, 0, '2025-05-28', '', '', 1),
(748, 1, 4, 0, 0, '2025-05-28', '', '', 1),
(749, 5, 1, 3, 31, '2025-05-28', '4', '1815', 1),
(750, 5, 2, 3, 30, '2025-05-28', '4', '3074', 1),
(751, 5, 3, 4, 30, '2025-05-28', '2', '1838', 1),
(752, 5, 4, 0, 0, '2025-05-28', '', '', 1),
(753, 9, 1, 1, 34, '2025-05-28', '4', '135', 1),
(754, 9, 2, 0, 0, '2025-05-28', '', '', 1),
(755, 9, 3, 0, 0, '2025-05-28', '', '', 1),
(756, 9, 4, 0, 0, '2025-05-28', '', '', 1),
(757, 8, 1, 1, 34, '2025-05-28', '4', '115', 1),
(758, 8, 2, 0, 0, '2025-05-28', '', '', 1),
(759, 8, 3, 0, 0, '2025-05-28', '', '', 1),
(760, 8, 4, 0, 0, '2025-05-28', '', '', 1),
(761, 9, 1, 1, 35, '2025-05-29', '8', '506', 1),
(762, 9, 2, 0, 0, '2025-05-29', '', '', 1),
(763, 9, 3, 0, 0, '2025-05-29', '', '', 1),
(764, 9, 4, 0, 0, '2025-05-29', '', '', 1),
(765, 8, 1, 1, 35, '2025-05-29', '8', '561', 1),
(766, 8, 2, 0, 0, '2025-05-29', '', '', 1),
(767, 8, 3, 0, 0, '2025-05-29', '', '', 1),
(768, 8, 4, 0, 0, '2025-05-29', '', '', 1),
(769, 1, 1, 1, 26, '2025-05-27', '8', '0', 1),
(770, 1, 2, 2, 26, '2025-05-27', '2', '0', 1),
(771, 1, 3, 0, 0, '2025-05-27', '', '', 1),
(772, 1, 4, 0, 0, '2025-05-27', '', '', 1),
(773, 6, 1, 3, 31, '2025-05-29', '8', '5606', 1),
(774, 6, 2, 4, 30, '2025-05-29', '2', '1968', 1),
(775, 6, 3, 0, 0, '2025-05-29', '', '', 1),
(776, 6, 4, 0, 0, '2025-05-29', '', '', 1),
(777, 5, 1, 3, 31, '2025-05-29', '4', '3315', 1),
(778, 5, 2, 3, 30, '2025-05-29', '4', '3510', 1),
(779, 5, 3, 4, 30, '2025-05-29', '2', '2010', 1),
(780, 5, 4, 0, 0, '2025-05-29', '', '', 1),
(781, 8, 1, 1, 35, '2025-05-30', '4', '390', 1),
(782, 8, 2, 0, 0, '2025-05-30', '', '', 1),
(783, 8, 3, 0, 0, '2025-05-30', '', '', 1),
(784, 8, 4, 0, 0, '2025-05-30', '', '', 1),
(785, 9, 1, 1, 35, '2025-05-30', '4', '423', 1),
(786, 9, 2, 0, 0, '2025-05-30', '', '', 1),
(787, 9, 3, 0, 0, '2025-05-30', '', '', 1),
(788, 9, 4, 0, 0, '2025-05-30', '', '', 1),
(789, 3, 1, 3, 30, '2025-05-29', '8', '4544', 1),
(790, 3, 2, 4, 31, '2025-05-29', '2', '1178', 1),
(791, 3, 3, 0, 0, '2025-05-29', '', '', 1),
(792, 3, 4, 0, 0, '2025-05-29', '', '', 1),
(793, 3, 1, 3, 30, '2025-05-30', '4', '2461', 1),
(794, 3, 2, 0, 0, '2025-05-30', '', '', 1),
(795, 3, 3, 0, 0, '2025-05-30', '', '', 1),
(796, 3, 4, 0, 0, '2025-05-30', '', '', 1),
(797, 1, 1, 1, 26, '2025-05-30', '8', '0', 1),
(798, 1, 2, 1, 26, '2025-05-30', '2', '0', 1),
(799, 1, 3, 0, 0, '2025-05-30', '', '', 1),
(800, 1, 4, 0, 0, '2025-05-30', '', '', 1),
(801, 1, 1, 1, 26, '2025-05-29', '8', '0', 1),
(802, 1, 2, 1, 26, '2025-05-29', '2', '0', 1),
(803, 1, 3, 0, 0, '2025-05-29', '', '', 1),
(804, 1, 4, 0, 0, '2025-05-29', '', '', 1),
(805, 4, 1, 3, 31, '2025-05-30', '8', '3691', 1),
(806, 4, 2, 0, 0, '2025-05-30', '', '', 1),
(807, 4, 3, 0, 0, '2025-05-30', '', '', 1),
(808, 4, 4, 0, 0, '2025-05-30', '', '', 1),
(809, 6, 1, 3, 31, '2025-05-30', '4', '2685', 1),
(810, 6, 2, 3, 33, '2025-05-30', '4', '372', 1),
(811, 6, 3, 4, 30, '2025-05-30', '2', '500', 1),
(812, 6, 4, 0, 0, '2025-05-30', '', '', 1),
(813, 5, 1, 3, 31, '2025-05-30', '4', '2090', 1),
(814, 5, 2, 3, 33, '2025-05-30', '4', '512', 1),
(815, 5, 3, 4, 30, '2025-05-30', '2', '1500', 1),
(816, 5, 4, 0, 0, '2025-05-30', '', '', 1),
(817, 8, 1, 1, 35, '2025-05-31', '8', '930', 1),
(818, 8, 2, 0, 0, '2025-05-31', '', '', 1),
(819, 8, 3, 0, 0, '2025-05-31', '', '', 1),
(820, 8, 4, 0, 0, '2025-05-31', '', '', 1),
(821, 9, 1, 1, 35, '2025-05-31', '8', '892', 1),
(822, 9, 2, 0, 0, '2025-05-31', '', '', 1),
(823, 9, 3, 0, 0, '2025-05-31', '', '', 1),
(824, 9, 4, 0, 0, '2025-05-31', '', '', 1),
(825, 2, 1, 3, 31, '2025-05-31', '8', '3857', 1),
(826, 2, 2, 0, 0, '2025-05-31', '', '', 1),
(827, 2, 3, 0, 0, '2025-05-31', '', '', 1),
(828, 2, 4, 0, 0, '2025-05-31', '', '', 1),
(829, 3, 1, 3, 31, '2025-05-31', '8', '4042', 1),
(830, 3, 2, 0, 0, '2025-05-31', '', '', 1),
(831, 3, 3, 0, 0, '2025-05-31', '', '', 1),
(832, 3, 4, 0, 0, '2025-05-31', '', '', 1),
(833, 6, 1, 3, 33, '2025-05-31', '8', '2051', 1),
(834, 6, 2, 0, 0, '2025-05-31', '', '', 1),
(835, 6, 3, 0, 0, '2025-05-31', '', '', 1),
(836, 6, 4, 0, 0, '2025-05-31', '', '', 1),
(837, 7, 1, 1, 34, '2025-05-31', '8', '300', 1),
(838, 7, 2, 0, 0, '2025-05-31', '', '', 1),
(839, 7, 3, 0, 0, '2025-05-31', '', '', 1),
(840, 7, 4, 0, 0, '2025-05-31', '', '', 1),
(841, 7, 1, 1, 34, '2025-05-28', '8', '150', 1),
(842, 7, 2, 0, 0, '2025-05-28', '', '', 1),
(843, 7, 3, 0, 0, '2025-05-28', '', '', 1),
(844, 7, 4, 0, 0, '2025-05-28', '', '', 1),
(845, 5, 1, 3, 33, '2025-05-31', '8', '2578', 1),
(846, 5, 2, 0, 0, '2025-05-31', '', '', 1),
(847, 5, 3, 0, 0, '2025-05-31', '', '', 1),
(848, 5, 4, 0, 0, '2025-05-31', '', '', 1),
(849, 4, 1, 3, 31, '2025-06-01', '8', '4721', 1),
(850, 4, 2, 0, 0, '2025-06-01', '', '', 1),
(851, 4, 3, 0, 0, '2025-06-01', '', '', 1),
(852, 4, 4, 0, 0, '2025-06-01', '', '', 1),
(853, 1, 1, 1, 26, '2025-06-02', '8', '0', 1),
(854, 1, 2, 0, 0, '2025-06-02', '', '', 1),
(855, 1, 3, 0, 0, '2025-06-02', '', '', 1),
(856, 1, 4, 0, 0, '2025-06-02', '', '', 1),
(857, 12, 1, 1, 30, '2025-06-02', '4', '690', 1),
(858, 12, 2, 0, 0, '2025-06-02', '', '', 1),
(859, 12, 3, 0, 0, '2025-06-02', '', '', 1),
(860, 12, 4, 0, 0, '2025-06-02', '', '', 1),
(861, 7, 1, 1, 34, '2025-06-02', '8', '285', 1),
(862, 7, 2, 0, 0, '2025-06-02', '', '', 1),
(863, 7, 3, 0, 0, '2025-06-02', '', '', 1),
(864, 7, 4, 0, 0, '2025-06-02', '', '', 1),
(865, 9, 1, 1, 35, '2025-06-02', '7', '655', 1),
(866, 9, 2, 0, 0, '2025-06-02', '', '', 1),
(867, 9, 3, 0, 0, '2025-06-02', '', '', 1),
(868, 9, 4, 0, 0, '2025-06-02', '', '', 1),
(869, 8, 1, 1, 35, '2025-06-02', '7', '661', 1),
(870, 8, 2, 0, 0, '2025-06-02', '', '', 1),
(871, 8, 3, 0, 0, '2025-06-02', '', '', 1),
(872, 8, 4, 0, 0, '2025-06-02', '', '', 1),
(873, 11, 1, 1, 30, '2025-06-02', '4', '1414', 1),
(874, 11, 2, 0, 0, '2025-06-02', '', '', 1),
(875, 11, 3, 0, 0, '2025-06-02', '', '', 1),
(876, 11, 4, 0, 0, '2025-06-02', '', '', 1),
(877, 6, 1, 3, 31, '2025-06-02', '8', '2397', 1),
(878, 6, 2, 0, 0, '2025-06-02', '', '', 1),
(879, 6, 3, 0, 0, '2025-06-02', '', '', 1),
(880, 6, 4, 0, 0, '2025-06-02', '', '', 1),
(881, 1, 1, 1, 26, '2025-06-03', '8', '0', 1),
(882, 1, 2, 0, 0, '2025-06-03', '', '', 1),
(883, 1, 3, 0, 0, '2025-06-03', '', '', 1),
(884, 1, 4, 0, 0, '2025-06-03', '', '', 1),
(885, 9, 1, 3, 35, '2025-06-03', '8', '850', 1),
(886, 9, 2, 0, 0, '2025-06-03', '', '', 1),
(887, 9, 3, 0, 0, '2025-06-03', '', '', 1),
(888, 9, 4, 0, 0, '2025-06-03', '', '', 1),
(889, 8, 1, 3, 35, '2025-06-03', '8', '766', 1),
(890, 8, 2, 0, 0, '2025-06-03', '', '', 1),
(891, 8, 3, 0, 0, '2025-06-03', '', '', 1),
(892, 8, 4, 0, 0, '2025-06-03', '', '', 1),
(893, 3, 1, 3, 31, '2025-06-03', '8', '4906', 1),
(894, 3, 2, 0, 0, '2025-06-03', '', '', 1),
(895, 3, 3, 0, 0, '2025-06-03', '', '', 1),
(896, 3, 4, 0, 0, '2025-06-03', '', '', 1),
(897, 7, 1, 1, 34, '2025-06-03', '8', '348', 1),
(898, 7, 2, 0, 0, '2025-06-03', '', '', 1),
(899, 7, 3, 0, 0, '2025-06-03', '', '', 1),
(900, 7, 4, 0, 0, '2025-06-03', '', '', 1),
(901, 6, 1, 3, 33, '2025-06-03', '4', '1226', 1),
(902, 6, 2, 3, 30, '2025-06-03', '4', '1874', 1),
(903, 6, 3, 0, 0, '2025-06-03', '', '', 1),
(904, 6, 4, 0, 0, '2025-06-03', '', '', 1),
(905, 5, 1, 4, 33, '2025-06-01', '4', '303', 1),
(906, 5, 2, 4, 31, '2025-06-01', '4', '875', 1),
(907, 5, 3, 0, 0, '2025-06-01', '', '', 1),
(908, 5, 4, 0, 0, '2025-06-01', '', '', 1),
(909, 5, 1, 3, 33, '2025-06-03', '5', '1703', 1),
(910, 5, 2, 3, 30, '2025-06-03', '3', '2710', 1),
(911, 5, 3, 0, 0, '2025-06-03', '', '', 1),
(912, 5, 4, 0, 0, '2025-06-03', '', '', 1),
(913, 3, 1, 4, 30, '2025-06-01', '4', '1052', 1),
(914, 3, 2, 0, 0, '2025-06-01', '', '', 1),
(915, 3, 3, 0, 0, '2025-06-01', '', '', 1),
(916, 3, 4, 0, 0, '2025-06-01', '', '', 1),
(917, 4, 1, 3, 31, '2025-06-03', '8', '3064', 1),
(918, 4, 2, 0, 0, '2025-06-03', '', '', 1),
(919, 4, 3, 0, 0, '2025-06-03', '', '', 1),
(920, 4, 4, 0, 0, '2025-06-03', '', '', 1),
(921, 3, 1, 3, 31, '2025-06-02', '4', '1465', 1),
(922, 3, 2, 3, 30, '2025-06-02', '4', '1362', 1),
(923, 3, 3, 0, 0, '2025-06-02', '', '', 1),
(924, 3, 4, 0, 0, '2025-06-02', '', '', 1),
(925, 6, 1, 4, 33, '2025-06-01', '4', '313', 1),
(926, 6, 2, 4, 31, '2025-06-01', '4', '1297', 1),
(927, 6, 3, 0, 0, '2025-06-01', '', '', 1),
(928, 6, 4, 0, 0, '2025-06-01', '', '', 1),
(929, 3, 1, 3, 30, '2025-06-04', '1', '31', 1),
(930, 3, 2, 3, 31, '2025-06-04', '7', '2588', 1),
(931, 3, 3, 0, 0, '2025-06-04', '', '', 1),
(932, 3, 4, 0, 0, '2025-06-04', '', '', 1),
(933, 8, 1, 3, 35, '2025-06-04', '8', '882', 1),
(934, 8, 2, 0, 0, '2025-06-04', '', '', 1),
(935, 8, 3, 0, 0, '2025-06-04', '', '', 1),
(936, 8, 4, 0, 0, '2025-06-04', '', '', 1),
(937, 4, 1, 3, 31, '2025-06-04', '8', '3039', 1),
(938, 4, 2, 0, 0, '2025-06-04', '', '', 1),
(939, 4, 3, 0, 0, '2025-06-04', '', '', 1),
(940, 4, 4, 0, 0, '2025-06-04', '', '', 1),
(941, 9, 1, 3, 35, '2025-06-04', '8', '862', 1),
(942, 9, 2, 0, 0, '2025-06-04', '', '', 1),
(943, 9, 3, 0, 0, '2025-06-04', '', '', 1),
(944, 9, 4, 0, 0, '2025-06-04', '', '', 1),
(945, 7, 1, 3, 34, '2025-06-04', '8', '348', 1),
(946, 7, 2, 0, 0, '2025-06-04', '', '', 1),
(947, 7, 3, 0, 0, '2025-06-04', '', '', 1),
(948, 7, 4, 0, 0, '2025-06-04', '', '', 1),
(949, 5, 1, 3, 30, '2025-06-02', '5', '2693', 1),
(950, 5, 2, 3, 31, '2025-06-02', '3', '702', 1),
(951, 5, 3, 0, 0, '2025-06-02', '', '', 1),
(952, 5, 4, 0, 0, '2025-06-02', '', '', 1),
(953, 5, 1, 3, 33, '2025-06-04', '4', '325', 1),
(954, 5, 2, 3, 33, '2025-06-04', '4', '730', 1),
(955, 5, 3, 0, 0, '2025-06-04', '', '', 1),
(956, 5, 4, 0, 0, '2025-06-04', '', '', 1),
(957, 6, 1, 3, 31, '2025-06-04', '8', '3178', 1),
(958, 6, 2, 0, 0, '2025-06-04', '', '', 1),
(959, 6, 3, 0, 0, '2025-06-04', '', '', 1),
(960, 6, 4, 0, 0, '2025-06-04', '', '', 1),
(961, 9, 1, 3, 35, '2025-06-05', '8', '952', 1),
(962, 9, 2, 0, 0, '2025-06-05', '', '', 1),
(963, 9, 3, 0, 0, '2025-06-05', '', '', 1),
(964, 9, 4, 0, 0, '2025-06-05', '', '', 1),
(965, 13, 1, 1, 35, '2025-06-05', '4', '485', 1),
(966, 13, 2, 0, 0, '2025-06-05', '', '', 1),
(967, 13, 3, 0, 0, '2025-06-05', '', '', 1),
(968, 13, 4, 0, 0, '2025-06-05', '', '', 1),
(969, 7, 1, 3, 34, '2025-06-05', '8', '321', 1),
(970, 7, 2, 0, 0, '2025-06-05', '', '', 1),
(971, 7, 3, 0, 0, '2025-06-05', '', '', 1),
(972, 7, 4, 0, 0, '2025-06-05', '', '', 1),
(973, 8, 1, 3, 35, '2025-06-05', '8', '926', 1),
(974, 8, 2, 0, 0, '2025-06-05', '', '', 1),
(975, 8, 3, 0, 0, '2025-06-05', '', '', 1),
(976, 8, 4, 0, 0, '2025-06-05', '', '', 1),
(977, 11, 1, 3, 30, '2025-06-05', '4', '3011', 1),
(978, 11, 2, 0, 0, '2025-06-05', '', '', 1),
(979, 11, 3, 0, 0, '2025-06-05', '', '', 1),
(980, 11, 4, 0, 0, '2025-06-05', '', '', 1),
(981, 13, 1, 1, 35, '2025-06-06', '8', '850', 1),
(982, 13, 2, 0, 0, '2025-06-06', '', '', 1),
(983, 13, 3, 0, 0, '2025-06-06', '', '', 1),
(984, 13, 4, 0, 0, '2025-06-06', '', '', 1),
(985, 14, 1, 1, 35, '2025-06-06', '8', '800', 1),
(986, 14, 2, 0, 0, '2025-06-06', '', '', 1),
(987, 14, 3, 0, 0, '2025-06-06', '', '', 1),
(988, 14, 4, 0, 0, '2025-06-06', '', '', 1),
(989, 3, 1, 3, 30, '2025-06-06', '6', '3201', 1),
(990, 3, 2, 0, 0, '2025-06-06', '', '', 1),
(991, 3, 3, 0, 0, '2025-06-06', '', '', 1),
(992, 3, 4, 0, 0, '2025-06-06', '', '', 1),
(993, 3, 1, 3, 31, '2025-06-05', '1', '433', 1),
(994, 3, 2, 3, 30, '2025-06-05', '3', '1191', 1),
(995, 3, 3, 0, 0, '2025-06-05', '', '', 1),
(996, 3, 4, 0, 0, '2025-06-05', '', '', 1),
(997, 12, 1, 3, 30, '2025-06-06', '4', '1652', 1),
(998, 12, 2, 4, 30, '2025-06-06', '1', '505', 1),
(999, 12, 3, 4, 33, '2025-06-06', '1', '99', 1),
(1000, 12, 4, 0, 0, '2025-06-06', '', '', 1),
(1001, 7, 1, 3, 35, '2025-06-06', '8', '701', 1),
(1002, 7, 2, 0, 0, '2025-06-06', '', '', 1),
(1003, 7, 3, 0, 0, '2025-06-06', '', '', 1),
(1004, 7, 4, 0, 0, '2025-06-06', '', '', 1),
(1005, 4, 1, 3, 31, '2025-06-06', '8', '4759', 1),
(1006, 4, 2, 4, 31, '2025-06-06', '2', '1145', 1),
(1007, 4, 3, 0, 0, '2025-06-06', '', '', 1),
(1008, 4, 4, 0, 0, '2025-06-06', '', '', 1),
(1009, 11, 1, 4, 30, '2025-06-06', '6', '1919', 1),
(1010, 11, 2, 0, 0, '2025-06-06', '', '', 1),
(1011, 11, 3, 0, 0, '2025-06-06', '', '', 1),
(1012, 11, 4, 0, 0, '2025-06-06', '', '', 1),
(1013, 5, 1, 3, 31, '2025-06-06', '3', '1702', 1),
(1014, 5, 2, 3, 33, '2025-06-06', '5', '1265', 1),
(1015, 5, 3, 4, 33, '2025-06-06', '2', '722', 1),
(1016, 5, 4, 0, 0, '2025-06-06', '', '', 1),
(1017, 3, 1, 3, 30, '2025-06-07', '6', '3079', 1),
(1018, 3, 2, 0, 0, '2025-06-07', '', '', 1),
(1019, 3, 3, 0, 0, '2025-06-07', '', '', 1),
(1020, 3, 4, 0, 0, '2025-06-07', '', '', 1),
(1021, 13, 1, 1, 35, '2025-06-02', '8', '620', 1),
(1022, 13, 2, 0, 0, '2025-06-02', '', '', 1),
(1023, 13, 3, 0, 0, '2025-06-02', '', '', 1),
(1024, 13, 4, 0, 0, '2025-06-02', '', '', 1),
(1025, 13, 1, 1, 35, '2025-06-04', '4', '450', 1),
(1026, 13, 2, 0, 0, '2025-06-04', '', '', 1),
(1027, 13, 3, 0, 0, '2025-06-04', '', '', 1),
(1028, 13, 4, 0, 0, '2025-06-04', '', '', 1),
(1029, 6, 1, 3, 31, '2025-06-06', '4', '1686', 1),
(1030, 6, 2, 3, 30, '2025-06-06', '4', '1300', 1),
(1031, 6, 3, 4, 30, '2025-06-06', '2', '722', 1),
(1032, 6, 4, 0, 0, '2025-06-06', '', '', 1),
(1033, 6, 1, 3, 33, '2025-06-07', '8', '2105', 1),
(1034, 6, 2, 4, 30, '2025-06-07', '1', '316', 1),
(1035, 6, 3, 4, 33, '2025-06-07', '1', '508', 1),
(1036, 6, 4, 0, 0, '2025-06-07', '', '', 1),
(1037, 4, 1, 3, 31, '2025-06-07', '8', '2601', 1),
(1038, 4, 2, 4, 31, '2025-06-07', '2', '722', 1),
(1039, 4, 3, 0, 0, '2025-06-07', '', '', 1),
(1040, 4, 4, 0, 0, '2025-06-07', '', '', 1),
(1041, 5, 1, 3, 33, '2025-06-07', '8', '2115', 1),
(1042, 5, 2, 4, 33, '2025-06-07', '2', '721', 1),
(1043, 5, 3, 0, 0, '2025-06-07', '', '', 1),
(1044, 5, 4, 0, 0, '2025-06-07', '', '', 1),
(1045, 14, 1, 1, 35, '2025-06-02', '8', '670', 1),
(1046, 14, 2, 0, 0, '2025-06-02', '', '', 1),
(1047, 14, 3, 0, 0, '2025-06-02', '', '', 1),
(1048, 14, 4, 0, 0, '2025-06-02', '', '', 1),
(1049, 3, 1, 4, 30, '2025-06-08', '5', '2224', 1),
(1050, 3, 2, 4, 31, '2025-06-08', '2', '856', 1),
(1051, 3, 3, 0, 0, '2025-06-08', '', '', 1),
(1052, 3, 4, 0, 0, '2025-06-08', '', '', 1),
(1053, 4, 1, 4, 31, '2025-06-08', '7', '5910', 1),
(1054, 4, 2, 4, 30, '2025-06-08', '1', '358', 1),
(1055, 4, 3, 0, 0, '2025-06-08', '', '', 1),
(1056, 4, 4, 0, 0, '2025-06-08', '', '', 1),
(1057, 12, 1, 4, 30, '2025-06-08', '5', '1868', 1),
(1058, 12, 2, 0, 0, '2025-06-08', '', '', 1),
(1059, 12, 3, 0, 0, '2025-06-08', '', '', 1),
(1060, 12, 4, 0, 0, '2025-06-08', '', '', 1),
(1061, 6, 1, 4, 33, '2025-06-08', '8', '3026', 1),
(1062, 6, 2, 0, 0, '2025-06-08', '', '', 1),
(1063, 6, 3, 0, 0, '2025-06-08', '', '', 1),
(1064, 6, 4, 0, 0, '2025-06-08', '', '', 1),
(1065, 5, 1, 4, 33, '2025-06-08', '7', '3514', 1),
(1066, 5, 2, 4, 30, '2025-06-08', '1', '589', 1),
(1067, 5, 3, 0, 0, '2025-06-08', '', '', 1),
(1068, 5, 4, 0, 0, '2025-06-08', '', '', 1),
(1069, 15, 1, 1, 30, '2025-06-06', '8', '1592', 1),
(1070, 15, 2, 0, 0, '2025-06-06', '', '', 1),
(1071, 15, 3, 0, 0, '2025-06-06', '', '', 1),
(1072, 15, 4, 0, 0, '2025-06-06', '', '', 1),
(1073, 15, 1, 1, 30, '2025-06-07', '8', '2125', 1),
(1074, 15, 2, 0, 0, '2025-06-07', '', '', 1),
(1075, 15, 3, 0, 0, '2025-06-07', '', '', 1),
(1076, 15, 4, 0, 0, '2025-06-07', '', '', 1),
(1077, 15, 1, 2, 30, '2025-06-08', '8', '2983', 1),
(1078, 15, 2, 0, 0, '2025-06-08', '', '', 1),
(1079, 15, 3, 0, 0, '2025-06-08', '', '', 1),
(1080, 15, 4, 0, 0, '2025-06-08', '', '', 1),
(1081, 12, 1, 3, 31, '2025-06-09', '4', '3379', 1),
(1082, 12, 2, 0, 0, '2025-06-09', '', '', 1),
(1083, 12, 3, 0, 0, '2025-06-09', '', '', 1),
(1084, 12, 4, 0, 0, '2025-06-09', '', '', 1),
(1085, 16, 1, 1, 35, '2025-06-09', '8', '600', 1),
(1086, 16, 2, 0, 0, '2025-06-09', '', '', 1),
(1087, 16, 3, 0, 0, '2025-06-09', '', '', 1),
(1088, 16, 4, 0, 0, '2025-06-09', '', '', 1),
(1089, 13, 1, 3, 35, '2025-06-09', '8', '900', 1),
(1090, 13, 2, 0, 0, '2025-06-09', '', '', 1),
(1091, 13, 3, 0, 0, '2025-06-09', '', '', 1),
(1092, 13, 4, 0, 0, '2025-06-09', '', '', 1),
(1093, 8, 1, 3, 35, '2025-06-09', '8', '955', 1),
(1094, 8, 2, 0, 0, '2025-06-09', '', '', 1),
(1095, 8, 3, 0, 0, '2025-06-09', '', '', 1),
(1096, 8, 4, 0, 0, '2025-06-09', '', '', 1),
(1097, 9, 1, 3, 35, '2025-06-09', '8', '978', 1),
(1098, 9, 2, 0, 0, '2025-06-09', '', '', 1),
(1099, 9, 3, 0, 0, '2025-06-09', '', '', 1),
(1100, 9, 4, 0, 0, '2025-06-09', '', '', 1),
(1101, 3, 1, 3, 31, '2025-06-09', '2', '1262', 1),
(1102, 3, 2, 0, 0, '2025-06-09', '', '', 1),
(1103, 3, 3, 0, 0, '2025-06-09', '', '', 1),
(1104, 3, 4, 0, 0, '2025-06-09', '', '', 1),
(1105, 14, 1, 1, 35, '2025-06-09', '8', '800', 1),
(1106, 14, 2, 0, 0, '2025-06-09', '', '', 1),
(1107, 14, 3, 0, 0, '2025-06-09', '', '', 1),
(1108, 14, 4, 0, 0, '2025-06-09', '', '', 1),
(1109, 16, 1, 1, 35, '2025-06-10', '8', '700', 1),
(1110, 16, 2, 0, 0, '2025-06-10', '', '', 1),
(1111, 16, 3, 0, 0, '2025-06-10', '', '', 1),
(1112, 16, 4, 0, 0, '2025-06-10', '', '', 1),
(1113, 8, 1, 3, 35, '2025-06-10', '8', '951', 1),
(1114, 8, 2, 0, 0, '2025-06-10', '', '', 1),
(1115, 8, 3, 0, 0, '2025-06-10', '', '', 1),
(1116, 8, 4, 0, 0, '2025-06-10', '', '', 1),
(1117, 4, 1, 3, 31, '2025-06-10', '8', '2509', 1),
(1118, 4, 2, 4, 31, '2025-06-10', '1', '203', 1),
(1119, 4, 3, 0, 0, '2025-06-10', '', '', 1),
(1120, 4, 4, 0, 0, '2025-06-10', '', '', 1),
(1121, 11, 1, 3, 31, '2025-06-10', '4', '2157', 1),
(1122, 11, 2, 0, 0, '2025-06-10', '', '', 1),
(1123, 11, 3, 0, 0, '2025-06-10', '', '', 1),
(1124, 11, 4, 0, 0, '2025-06-10', '', '', 1),
(1125, 9, 1, 3, 35, '2025-06-10', '8', '956', 1),
(1126, 9, 2, 0, 0, '2025-06-10', '', '', 1),
(1127, 9, 3, 0, 0, '2025-06-10', '', '', 1),
(1128, 9, 4, 0, 0, '2025-06-10', '', '', 1),
(1129, 13, 1, 3, 35, '2025-06-10', '4', '465', 1),
(1130, 13, 2, 0, 0, '2025-06-10', '', '', 1),
(1131, 13, 3, 0, 0, '2025-06-10', '', '', 1),
(1132, 13, 4, 0, 0, '2025-06-10', '', '', 1),
(1133, 12, 1, 3, 31, '2025-06-10', '4', '1764', 1),
(1134, 12, 2, 0, 0, '2025-06-10', '', '', 1),
(1135, 12, 3, 0, 0, '2025-06-10', '', '', 1),
(1136, 12, 4, 0, 0, '2025-06-10', '', '', 1);

-- --------------------------------------------------------

--
-- Table structure for table `congviec`
--

CREATE TABLE `congviec` (
  `id_cong_viec` int(11) NOT NULL,
  `value_cong_viec` varchar(255) NOT NULL
) ENGINE=InnoDB DEFAULT CHARSET=utf8mb4 COLLATE=utf8mb4_general_ci;

--
-- Dumping data for table `congviec`
--

INSERT INTO `congviec` (`id_cong_viec`, `value_cong_viec`) VALUES
(0, ''),
(1, 'CV1'),
(2, 'CV2'),
(3, 'CV3'),
(4, 'CV4');

-- --------------------------------------------------------

--
-- Table structure for table `db_web_cham_cong_v3`
--

CREATE TABLE `db_web_cham_cong_v3` (
  `data` text NOT NULL,
  `id` varchar(255) NOT NULL
) ENGINE=InnoDB DEFAULT CHARSET=utf8mb4 COLLATE=utf8mb4_general_ci;

--
-- Dumping data for table `db_web_cham_cong_v3`
--

INSERT INTO `db_web_cham_cong_v3` (`data`, `id`) VALUES
('admin', '0'),
('Nhân Sự Status: \n0 - yêu cầu cập nhật thông tin(Không được chấm công)\n1 - đã cập nhật thông tin (Được chấm công)', '1'),
('Chấm công Status: \n1 - hoạt động bình thường\n0 - đã xóa', '2'),
('CN13', 'appname'),
('', 'TDS_AM'),
('F2501', 'TDS_MaDuAn'),
('01/05/2025', 'TDS_NgayDuKienXong'),
('05/05/2025', 'TDS_NgayKetThuc'),
('02/02/2025', 'TDS_NgayKyHopDong'),
('Nguyễn Minh Khuê', 'TDS_PM'),
('Văn Bản Hành Chính Tây Hồ', 'TDS_TenDuAn'),
('Tây Hồ', 'TDS_TenKhachHang'),
('0', '_tongluong_');

-- --------------------------------------------------------

--
-- Table structure for table `loaicongviec`
--

CREATE TABLE `loaicongviec` (
  `id_loai_cong_viec` int(11) NOT NULL,
  `value_loai_cong_viec` varchar(255) NOT NULL
) ENGINE=InnoDB DEFAULT CHARSET=utf8mb4 COLLATE=utf8mb4_general_ci;

--
-- Dumping data for table `loaicongviec`
--

INSERT INTO `loaicongviec` (`id_loai_cong_viec`, `value_loai_cong_viec`) VALUES
(0, ''),
(1, 'CC'),
(2, 'CC.OT'),
(3, 'NS'),
(4, 'NS.OT');

-- --------------------------------------------------------

--
-- Table structure for table `nhansu`
--

CREATE TABLE `nhansu` (
  `id_nhan_su` int(11) NOT NULL,
  `password` varchar(255) NOT NULL DEFAULT '12345678',
  `ho_ten_nhan_su` varchar(255) NOT NULL,
  `thong_tin_ca_nhan` text NOT NULL,
  `role` int(11) NOT NULL DEFAULT 3,
  `status` int(11) NOT NULL DEFAULT 0,
  `fsi_thoi_vu` varchar(255) NOT NULL,
  `muc_luong_co_ban_8h` double NOT NULL,
  `muc_luong_du_an_8h` double NOT NULL,
  `he_so_ot_thuong` float NOT NULL,
  `he_so_cn` float NOT NULL
) ENGINE=InnoDB DEFAULT CHARSET=utf8mb4 COLLATE=utf8mb4_general_ci;

--
-- Dumping data for table `nhansu`
--

INSERT INTO `nhansu` (`id_nhan_su`, `password`, `ho_ten_nhan_su`, `thong_tin_ca_nhan`, `role`, `status`, `fsi_thoi_vu`, `muc_luong_co_ban_8h`, `muc_luong_du_an_8h`, `he_so_ot_thuong`, `he_so_cn`) VALUES
(1, '12345678', 'Đàm Thị Giang', '\n                        <p class=\'thongtinnhansu\'>\n                            Số điện thoại: <span>0987839354</span><br>\n                            Email: <span>damgiangexo@gmail.com</span><br>\n                            Ngày sinh: <span>1998-06-20</span><br>\n                            Mã số thuế theo CCCD: <span>000</span><br>\n                            CCCD: <span>017198007400</span><br>\n                            Ngày cấp: <span>2021-06-25</span><br>\n                            Nơi cấp: <span>Cục cảnh sát QLHC về TTXH</span><br>\n                            Địa chỉ HKTT: <span>Tổ 4, phường Quỳnh Lâm, TP Hoà Bình, tỉnh Hoà Bình</span><br>\n                            Nơi ở hiện tại: <span>73 Nguyễn Trãi</span><br>\n                            Ca làm việc: <span>Full time</span><br>\n                            Ngày làm việc đầu tiên: <span>2025-05-14</span><br>\n                            Các dự án đã tham gia tại TDS: <span></span><br>\n                            Số tài khoản ngân hàng: <span>0541000310404</span><br>\n                            Ngân hàng: <span>Vietcombank</span>\n                        </p>', 1, 1, 'Lead', 208333.33, 83333.33, 1.2, 1.4),
(2, '12345678', 'Đào Hương Trà', '\n                        <p class=\'thongtinnhansu\'>\n                            Số điện thoại: <span>0375155925</span><br>\n                            Email: <span>phuongnhungdao2004@gmail.com</span><br>\n                            Ngày sinh: <span>2004-12-20</span><br>\n                            Mã số thuế theo CCCD: <span>0</span><br>\n                            CCCD: <span>034304000985</span><br>\n                            Ngày cấp: <span>2021-08-21</span><br>\n                            Nơi cấp: <span>Cục Cảnh Sát</span><br>\n                            Địa chỉ HKTT: <span>Xã Phú Xuân Thành phố Thái Bình </span><br>\n                            Nơi ở hiện tại: <span>108Đông Thiên, Vĩnh Hưng, Hoàng Mai Hà Nội </span><br>\n                            Ca làm việc: <span>Full time</span><br>\n                            Ngày làm việc đầu tiên: <span>2025-05-16</span><br>\n                            Các dự án đã tham gia tại TDS: <span></span><br>\n                            Số tài khoản ngân hàng: <span>08820122004</span><br>\n                            Ngân hàng: <span>MB Bank</span>\n                        </p>', 3, 0, 'Thời vụ', 0, 180000, 1.2, 1.4),
(3, '12345678', 'Đào Phương Nhung', '\r\n                        <p class=\'thongtinnhansu\'>\r\n                            Số điện thoại: <span>0375155925</span><br>\r\n                            Email: <span>phuongnhungdao2004@gmail.com</span><br>\r\n                            Ngày sinh: <span>2004-12-20</span><br>\r\n                            Mã số thuế theo CCCD: <span>0</span><br>\r\n                            CCCD: <span>034304000985</span><br>\r\n                            Ngày cấp: <span>2021-08-31</span><br>\r\n                            Nơi cấp: <span>Cục cảnh sát QLHC về TTXH</span><br>\r\n                            Địa chỉ HKTT: <span>Tổ 1, Phú Xuân, TP Thái Bình, Thái Bình</span><br>\r\n                            Nơi ở hiện tại: <span>108 Đông Thiên, Vĩnh Hưng, Hoàng Mai, Hà Nội</span><br>\r\n                            Ca làm việc: <span>Full time</span><br>\r\n                            Ngày làm việc đầu tiên: <span>2025-05-16</span><br>\r\n                            Các dự án đã tham gia tại TDS: <span></span><br>\r\n                            Số tài khoản ngân hàng: <span>08820122004</span><br>\r\n                            Ngân hàng: <span>MB Bank</span>\r\n                        </p>', 3, 1, 'Thời vụ', 0, 180000, 1.2, 1.4),
(4, '12345678', 'Nguyễn Như Quỳnh', '\r\n                        <p class=\'thongtinnhansu\'>\r\n                            Số điện thoại: <span>0356028198</span><br>\r\n                            Email: <span>nnquynh2216@gmail.com</span><br>\r\n                            Ngày sinh: <span>2006-01-22</span><br>\r\n                            Mã số thuế theo CCCD: <span>0</span><br>\r\n                            CCCD: <span>026306011277</span><br>\r\n                            Ngày cấp: <span>2021-05-06</span><br>\r\n                            Nơi cấp: <span>Cục cảnh sát QLHC về TTXH</span><br>\r\n                            Địa chỉ HKTT: <span>Thôn Đại Tự 3, xã Đại Tự , huyện Yên Lạc, tỉnh Vĩnh Phúc</span><br>\r\n                            Nơi ở hiện tại: <span>51 Tam Khương, Khương Thượng, Đống Đa, Hà Nọi</span><br>\r\n                            Ca làm việc: <span>Xoay ca</span><br>\r\n                            Ngày làm việc đầu tiên: <span>2025-05-16</span><br>\r\n                            Các dự án đã tham gia tại TDS: <span></span><br>\r\n                            Số tài khoản ngân hàng: <span>0356028198</span><br>\r\n                            Ngân hàng: <span>MB Bank</span>\r\n                        </p>', 3, 1, 'Thời vụ', 0, 180000, 1.2, 1.4),
(5, '12345678', 'Hoàng Thuỳ Trang', '\r\n                        <p class=\'thongtinnhansu\'>\r\n                            Số điện thoại: <span>0966219118</span><br>\r\n                            Email: <span>h966079@gmail.com</span><br>\r\n                            Ngày sinh: <span>2003-07-02</span><br>\r\n                            Mã số thuế theo CCCD: <span>0</span><br>\r\n                            CCCD: <span>038303013210</span><br>\r\n                            Ngày cấp: <span>2020-03-26</span><br>\r\n                            Nơi cấp: <span>Cục cảnh sát QLHC về TTXH</span><br>\r\n                            Địa chỉ HKTT: <span>Thôn Xuân Hội, Tiến Lộc, Hậu Lộc, Thanh Hoá</span><br>\r\n                            Nơi ở hiện tại: <span>255 Lĩnh Nam, Vĩnh Hưng, Hoàng Mai, Hà Nội</span><br>\r\n                            Ca làm việc: <span>Full time</span><br>\r\n                            Ngày làm việc đầu tiên: <span>2025-05-16</span><br>\r\n                            Các dự án đã tham gia tại TDS: <span></span><br>\r\n                            Số tài khoản ngân hàng: <span>0966219118</span><br>\r\n                            Ngân hàng: <span>MB Bank</span>\r\n                        </p>', 3, 1, 'Thời vụ', 0, 180000, 1.2, 1.4),
(6, '12345678', 'Nguyễn Đình Ngọc Thuý', '\r\n                        <p class=\'thongtinnhansu\'>\r\n                            Số điện thoại: <span>0393277664</span><br>\r\n                            Email: <span>dinhngocthuy0051@gmail.com</span><br>\r\n                            Ngày sinh: <span>2003-01-05</span><br>\r\n                            Mã số thuế theo CCCD: <span>0</span><br>\r\n                            CCCD: <span>024303003734</span><br>\r\n                            Ngày cấp: <span>2021-04-08</span><br>\r\n                            Nơi cấp: <span>Cục cảnh sát </span><br>\r\n                            Địa chỉ HKTT: <span>Thôn Chàng,Việt Tiến,Việt Yên,Bắc Giang</span><br>\r\n                            Nơi ở hiện tại: <span>313 Lĩnh Nam,Vĩnh Hưng,Hoàng Mai,Hà Nội</span><br>\r\n                            Ca làm việc: <span>Full time</span><br>\r\n                            Ngày làm việc đầu tiên: <span>2025-05-16</span><br>\r\n                            Các dự án đã tham gia tại TDS: <span></span><br>\r\n                            Số tài khoản ngân hàng: <span>039327766510</span><br>\r\n                            Ngân hàng: <span>Mb Bank</span>\r\n                        </p>', 3, 1, 'Thời vụ', 0, 180000, 1.2, 1.4),
(7, '12345678', 'Nguyễn Công Vũ', '\r\n                        <p class=\'thongtinnhansu\'>\r\n                            Số điện thoại: <span>0969565582</span><br>\r\n                            Email: <span>nguyencongvu23@gmail.com</span><br>\r\n                            Ngày sinh: <span>2002-07-27</span><br>\r\n                            Mã số thuế theo CCCD: <span>.</span><br>\r\n                            CCCD: <span>033202004853</span><br>\r\n                            Ngày cấp: <span>2021-05-21</span><br>\r\n                            Nơi cấp: <span>Cục cảnh sát</span><br>\r\n                            Địa chỉ HKTT: <span>Hưng Đạo - Tiên Lữ - Hưng Yên</span><br>\r\n                            Nơi ở hiện tại: <span>Dương Quảng Hàm - Quan Hoa - Cầu giấy - Hà Nội</span><br>\r\n                            Ca làm việc: <span>Full time</span><br>\r\n                            Ngày làm việc đầu tiên: <span>2025-05-26</span><br>\r\n                            Các dự án đã tham gia tại TDS: <span></span><br>\r\n                            Số tài khoản ngân hàng: <span>6969565582</span><br>\r\n                            Ngân hàng: <span>techcombank</span>\r\n                        </p>', 3, 1, 'TDS', 208333, 41667, 1.2, 1.4),
(8, '12345678', 'Trương Thị Ngọc Anh', '\r\n                        <p class=\'thongtinnhansu\'>\r\n                            Số điện thoại: <span>096246725</span><br>\r\n                            Email: <span>truongngocanh301204@gmail.com</span><br>\r\n                            Ngày sinh: <span>2004-12-30</span><br>\r\n                            Mã số thuế theo CCCD: <span>.</span><br>\r\n                            CCCD: <span>027304008569</span><br>\r\n                            Ngày cấp: <span>2021-05-09</span><br>\r\n                            Nơi cấp: <span>Cục trưởng Cục Cảnh sát Quản lý hành chính về Trật tự xã hội </span><br>\r\n                            Địa chỉ HKTT: <span>Đông Tiến-Yên Phong -Bắc Ninh </span><br>\r\n                            Nơi ở hiện tại: <span>173 Tây Tựu,  Bắc Từ Liêm, Hà Nội </span><br>\r\n                            Ca làm việc: <span>Full time</span><br>\r\n                            Ngày làm việc đầu tiên: <span>2025-05-28</span><br>\r\n                            Các dự án đã tham gia tại TDS: <span></span><br>\r\n                            Số tài khoản ngân hàng: <span>08101210121030</span><br>\r\n                            Ngân hàng: <span>MB Bank</span>\r\n                        </p>', 3, 1, 'Thời vụ', 0, 180000, 1.2, 1.4),
(9, '12345678', 'Nguyễn Thị Ngọc Anh', '\n                        <p class=\'thongtinnhansu\'>\n                            Số điện thoại: <span>0369067109</span><br>\n                            Email: <span>nanh230504@gmail.com</span><br>\n                            Ngày sinh: <span>2004-05-23</span><br>\n                            Mã số thuế theo CCCD: <span>.</span><br>\n                            CCCD: <span>024304011150</span><br>\n                            Ngày cấp: <span>2022-02-19</span><br>\n                            Nơi cấp: <span>Cục trưởng Cục Cảnh sát Quản lý hành chính về Trật tự xã hội </span><br>\n                            Địa chỉ HKTT: <span>TDP số 3, phường Bích Động, thị xã Việt Yên, Bắc Giang</span><br>\n                            Nơi ở hiện tại: <span>Ngách 80/66, Xuân Phương, Nam Từ Liêm, Hà Nội</span><br>\n                            Ca làm việc: <span>Full time</span><br>\n                            Ngày làm việc đầu tiên: <span>2025-05-28</span><br>\n                            Các dự án đã tham gia tại TDS: <span></span><br>\n                            Số tài khoản ngân hàng: <span>2305202222345</span><br>\n                            Ngân hàng: <span>MB Bank</span>\n                        </p>', 3, 1, 'Thời vụ', 0, 180000, 1.2, 1.4),
(10, '12345678', 'Nguyễn Ngọc Hải', '', 3, 0, 'Thời vụ', 0, 180000, 1.2, 1.4),
(11, '12345678', 'Nguyễn Thị Kiều Anh', '\r\n                        <p class=\'thongtinnhansu\'>\r\n                            Số điện thoại: <span>0941424096</span><br>\r\n                            Email: <span>kieuanhnguyen0824@gmail.com</span><br>\r\n                            Ngày sinh: <span>2004-11-08</span><br>\r\n                            Mã số thuế theo CCCD: <span>8598474528</span><br>\r\n                            CCCD: <span>031304000649</span><br>\r\n                            Ngày cấp: <span>2021-04-25</span><br>\r\n                            Nơi cấp: <span>Cục Cảnh sát </span><br>\r\n                            Địa chỉ HKTT: <span>Tổ 25 cụm 4 Đông Khê, Ngô Quyền, Hải Phòng </span><br>\r\n                            Nơi ở hiện tại: <span>Số 123 Yên Xá, Thanh Trì, Hà Nội </span><br>\r\n                            Ca làm việc: <span>Part chiều</span><br>\r\n                            Ngày làm việc đầu tiên: <span>2025-05-28</span><br>\r\n                            Các dự án đã tham gia tại TDS: <span></span><br>\r\n                            Số tài khoản ngân hàng: <span>1016210239</span><br>\r\n                            Ngân hàng: <span>Vietcombank </span>\r\n                        </p>', 3, 1, 'Thời vụ', 0, 180000, 1.2, 1.4),
(12, '12345678', 'Vũ Minh Huế', '\r\n                        <p class=\'thongtinnhansu\'>\r\n                            Số điện thoại: <span>0868404298</span><br>\r\n                            Email: <span>hue0868@gmail.com</span><br>\r\n                            Ngày sinh: <span>2003-09-22</span><br>\r\n                            Mã số thuế theo CCCD: <span>Không</span><br>\r\n                            CCCD: <span>025303009153</span><br>\r\n                            Ngày cấp: <span>2021-05-13</span><br>\r\n                            Nơi cấp: <span>Cục QLHC về TTXH</span><br>\r\n                            Địa chỉ HKTT: <span>Phú Thọ</span><br>\r\n                            Nơi ở hiện tại: <span>Ngõ 41 phố Vọng</span><br>\r\n                            Ca làm việc: <span>Part chiều</span><br>\r\n                            Ngày làm việc đầu tiên: <span>2025-06-29</span><br>\r\n                            Các dự án đã tham gia tại TDS: <span>F2501</span><br>\r\n                            Số tài khoản ngân hàng: <span>0868404298</span><br>\r\n                            Ngân hàng: <span>MBBank</span>\r\n                        </p>', 3, 1, 'Thời vụ', 0, 180000, 1.2, 1.4),
(13, '12345678', 'Lê Thị Dung', '\r\n                        <p class=\'thongtinnhansu\'>\r\n                            Số điện thoại: <span>0358914132</span><br>\r\n                            Email: <span>lethidung14132@gmail.con</span><br>\r\n                            Ngày sinh: <span>2003-06-05</span><br>\r\n                            Mã số thuế theo CCCD: <span>8885973224</span><br>\r\n                            CCCD: <span>038303019784</span><br>\r\n                            Ngày cấp: <span>2021-06-10</span><br>\r\n                            Nơi cấp: <span>Công an Như Thanh</span><br>\r\n                            Địa chỉ HKTT: <span>Như Thanh - Thanh Hoá</span><br>\r\n                            Nơi ở hiện tại: <span>Bắc Từ Liêm - Hà Nội</span><br>\r\n                            Ca làm việc: <span>Xoay ca</span><br>\r\n                            Ngày làm việc đầu tiên: <span>2025-06-02</span><br>\r\n                            Các dự án đã tham gia tại TDS: <span>T2413, F2406</span><br>\r\n                            Số tài khoản ngân hàng: <span>7020005062003</span><br>\r\n                            Ngân hàng: <span>MB</span>\r\n                        </p>', 3, 1, 'Thời vụ', 0, 180000, 1.2, 1.4),
(14, '12345678', 'Đậu Thị Thoả', '\r\n                        <p class=\'thongtinnhansu\'>\r\n                            Số điện thoại: <span>0969109738</span><br>\r\n                            Email: <span>dtt270203@gmail.com</span><br>\r\n                            Ngày sinh: <span>2003-02-27</span><br>\r\n                            Mã số thuế theo CCCD: <span>8759465076</span><br>\r\n                            CCCD: <span>040303024453</span><br>\r\n                            Ngày cấp: <span>2021-06-05</span><br>\r\n                            Nơi cấp: <span>Cục quản lý hành chính về trật tự xã hội</span><br>\r\n                            Địa chỉ HKTT: <span>An Hòa, Quỳnh Lưu, Nghệ An</span><br>\r\n                            Nơi ở hiện tại: <span>Xuân Phương, Nam Từ Liêm, Hà Nội</span><br>\r\n                            Ca làm việc: <span>Full time</span><br>\r\n                            Ngày làm việc đầu tiên: <span>2025-06-02</span><br>\r\n                            Các dự án đã tham gia tại TDS: <span>F2406</span><br>\r\n                            Số tài khoản ngân hàng: <span>101873852778</span><br>\r\n                            Ngân hàng: <span>Vietinbank </span>\r\n                        </p>', 3, 1, 'Thời vụ', 0, 180000, 1.2, 1.4),
(15, '12345678', 'Nguyễn Thị Thanh Ngân', '\r\n                        <p class=\'thongtinnhansu\'>\r\n                            Số điện thoại: <span>0886590510</span><br>\r\n                            Email: <span>thanhnganvt05@gmail.com</span><br>\r\n                            Ngày sinh: <span>2000-05-16</span><br>\r\n                            Mã số thuế theo CCCD: <span>.</span><br>\r\n                            CCCD: <span>017300006567</span><br>\r\n                            Ngày cấp: <span>2024-10-22</span><br>\r\n                            Nơi cấp: <span>Cục cảnh sát QLHC về TTXH</span><br>\r\n                            Địa chỉ HKTT: <span>Xóm Bắc Sơn, Bắc Phong, Cao Phong, Hoà Bình</span><br>\r\n                            Nơi ở hiện tại: <span>73 Nguyễn Trãi, Thanh Xuân, Hà Nội</span><br>\r\n                            Ca làm việc: <span>Full time</span><br>\r\n                            Ngày làm việc đầu tiên: <span>2025-06-06</span><br>\r\n                            Các dự án đã tham gia tại TDS: <span>.</span><br>\r\n                            Số tài khoản ngân hàng: <span>22210003142519</span><br>\r\n                            Ngân hàng: <span>BIDV</span>\r\n                        </p>', 3, 0, 'Thời vụ', 0, 180000, 1.2, 1.4),
(16, '12345678', 'Nguyễn Thuỳ Trang', '\n                        <p class=\'thongtinnhansu\'>\n                            Số điện thoại: <span>0985805514</span><br>\n                            Email: <span>thachanhtim09022002@gmail.com</span><br>\n                            Ngày sinh: <span>2002-02-09</span><br>\n                            Mã số thuế theo CCCD: <span>.</span><br>\n                            CCCD: <span>001302036446</span><br>\n                            Ngày cấp: <span>2021-05-31</span><br>\n                            Nơi cấp: <span>Hà Nội</span><br>\n                            Địa chỉ HKTT: <span>Đường Lâm, Sơn Tây, Hà Nội</span><br>\n                            Nơi ở hiện tại: <span>Đường Lâm, Sơn Tây, Hà Nội</span><br>\n                            Ca làm việc: <span>Full time</span><br>\n                            Ngày làm việc đầu tiên: <span>2025-06-09</span><br>\n                            Các dự án đã tham gia tại TDS: <span>.</span><br>\n                            Số tài khoản ngân hàng: <span>19036390246019</span><br>\n                            Ngân hàng: <span>Techcombank</span>\n                        </p>', 3, 1, 'TDS', 208333, 41667, 1.2, 1.4),
(112, '12345678', 'Nguyen Thi Van Anh', '                         <p class=\'thongtinnhansu\'>                             Số điện thoại: <span>0985805514</span><br>                             Email: <span>thachanhtim09022002@gmail.com</span><br>                             Ngày sinh: <span>2002-02-09</span><br>                             Mã số thuế theo CCCD: <span>.</span><br>                             CCCD: <span>001302036446</span><br>                             Ngày cấp: <span>2021-05-31</span><br>                             Nơi cấp: <span>Hà Nội</span><br>                             Địa chỉ HKTT: <span>Đường Lâm, Sơn Tây, Hà Nội</span><br>                             Nơi ở hiện tại: <span>Đường Lâm, Sơn Tây, Hà Nội</span><br>                             Ca làm việc: <span>Full time</span><br>                             Ngày làm việc đầu tiên: <span>2025-06-09</span><br>                             Các dự án đã tham gia tại TDS: <span>.</span><br>                             Số tài khoản ngân hàng: <span>19036390246019</span><br>                             Ngân hàng: <span>Techcombank</span>                         </p>', 3, 1, 'Lead', 208333.33, 83333.336, 1.2, 1.4),
(113, '12345678', 'test', '', 3, 0, 'Sp', 208333.33, 83333.336, 1.5, 2);

-- --------------------------------------------------------

--
-- Table structure for table `noidungcongviec`
--

CREATE TABLE `noidungcongviec` (
  `id_noi_dung_cong_viec` int(11) NOT NULL,
  `value_noi_dung_cong_viec` varchar(255) NOT NULL,
  `dinh_muc_8h` float NOT NULL,
  `don_vi` varchar(255) NOT NULL,
  `khoi_luong_theo_hop_dong` double NOT NULL DEFAULT 0
) ENGINE=InnoDB DEFAULT CHARSET=utf8mb4 COLLATE=utf8mb4_general_ci;

--
-- Dumping data for table `noidungcongviec`
--

INSERT INTO `noidungcongviec` (`id_noi_dung_cong_viec`, `value_noi_dung_cong_viec`, `dinh_muc_8h`, `don_vi`, `khoi_luong_theo_hop_dong`) VALUES
(0, '', 0, '', 0),
(26, 'Leader', 0, '', 0),
(29, 'Hỗ trợ', 0, '', 0),
(30, 'Scan A41', 4200, 'trang', 12000),
(31, 'Check scan', 5500, 'trang', 0),
(32, 'Set up', 0, '', 0),
(33, 'Scan A31', 1500, 'trang', 0),
(34, 'Nhập liệu', 500, 'File', 0),
(35, 'Check NL', 900, 'File', 0);

-- --------------------------------------------------------

--
-- Table structure for table `phatsinh`
--

CREATE TABLE `phatsinh` (
  `id` int(11) NOT NULL,
  `id_nhan_su` int(11) NOT NULL,
  `noi_dung_phat_sinh` varchar(255) NOT NULL,
  `gia_tri_phat_sinh` double NOT NULL,
  `loai_phat_sinh` int(11) NOT NULL,
  `ngay_tinh_phat_sinh` date NOT NULL,
  `kieu_phat_sinh` int(11) NOT NULL DEFAULT 1
) ENGINE=InnoDB DEFAULT CHARSET=utf8mb4 COLLATE=utf8mb4_general_ci;

--
-- Dumping data for table `phatsinh`
--

INSERT INTO `phatsinh` (`id`, `id_nhan_su`, `noi_dung_phat_sinh`, `gia_tri_phat_sinh`, `loai_phat_sinh`, `ngay_tinh_phat_sinh`, `kieu_phat_sinh`) VALUES
(35, 1, 'Tiền gửi xe', 5000, 1, '2025-06-01', 2),
(36, 2, 'Tiền gửi xe', 5000, 1, '2025-06-01', 2),
(38, 4, 'Tiền gửi xe', 5000, 1, '2025-06-01', 2),
(39, 5, 'Tiền gửi xe', 5000, 1, '2025-06-01', 2),
(40, 6, 'Tiền gửi xe', 5000, 1, '2025-06-01', 2),
(41, 7, 'Tiền gửi xe', 5000, 1, '2025-06-01', 2),
(42, 8, 'Tiền gửi xe', 5000, 1, '2025-06-01', 2),
(43, 9, 'Tiền gửi xe', 5000, 1, '2025-06-01', 2),
(44, 10, 'Tiền gửi xe', 5000, 1, '2025-06-01', 2),
(45, 11, 'Tiền gửi xe', 5000, 1, '2025-06-01', 2),
(46, 12, 'Tiền gửi xe', 5000, 1, '2025-06-01', 2),
(47, 13, 'Tiền gửi xe', 5000, 1, '2025-06-01', 2),
(48, 14, 'Tiền gửi xe', 5000, 1, '2025-06-01', 2),
(49, 15, 'Tiền gửi xe', 5000, 1, '2025-06-01', 2),
(50, 16, 'Tiền gửi xe', 5000, 1, '2025-06-01', 2),
(51, 112, 'Tiền gửi xe', 5000, 1, '2025-06-01', 2),
(52, 113, 'Tiền gửi xe', 5000, 1, '2025-06-01', 2),
(53, 1, 'Tiền gửi xe', 5000, 1, '2025-05-01', 2),
(54, 2, 'Tiền gửi xe', 5000, 1, '2025-05-01', 2),
(55, 3, 'Tiền gửi xe', 5000, 1, '2025-05-01', 2),
(56, 4, 'Tiền gửi xe', 5000, 1, '2025-05-01', 2),
(57, 5, 'Tiền gửi xe', 5000, 1, '2025-05-01', 2),
(58, 6, 'Tiền gửi xe', 5000, 1, '2025-05-01', 2),
(59, 7, 'Tiền gửi xe', 5000, 1, '2025-05-01', 2),
(60, 8, 'Tiền gửi xe', 5000, 1, '2025-05-01', 2),
(61, 9, 'Tiền gửi xe', 5000, 1, '2025-05-01', 2),
(62, 10, 'Tiền gửi xe', 5000, 1, '2025-05-01', 2),
(63, 11, 'Tiền gửi xe', 5000, 1, '2025-05-01', 2),
(64, 12, 'Tiền gửi xe', 5000, 1, '2025-05-01', 2),
(65, 13, 'Tiền gửi xe', 5000, 1, '2025-05-01', 2),
(66, 14, 'Tiền gửi xe', 5000, 1, '2025-05-01', 2),
(67, 15, 'Tiền gửi xe', 5000, 1, '2025-05-01', 2),
(68, 16, 'Tiền gửi xe', 5000, 1, '2025-05-01', 2),
(69, 112, 'Tiền gửi xe', 5000, 1, '2025-05-01', 2),
(70, 113, 'Tiền gửi xe', 5000, 1, '2025-05-01', 2),
(72, 6, 'Tiền ăn trưa', 25000, 1, '2025-05-01', 2),
(73, 7, 'Tiền ăn trưa', 25000, 1, '2025-05-01', 2),
(74, 10, 'Tiền ăn trưa', 25000, 1, '2025-05-01', 2),
(76, 13, 'Tiền ăn trưa', 25000, 1, '2025-05-01', 2),
(77, 14, 'Tiền ăn trưa', 25000, 1, '2025-05-01', 2),
(99, 1, 'Trừ lỗi sai', 50000, 2, '2025-06-01', 1),
(100, 2, 'Trừ lỗi sai', 50000, 2, '2025-06-01', 1),
(101, 3, 'Trừ lỗi sai', 50000, 2, '2025-06-01', 1),
(102, 1, 'Cơm trưa', 30000, 1, '2025-06-01', 2),
(103, 3, 'Cơm trưa', 30000, 1, '2025-06-01', 2),
(104, 4, 'Cơm trưa', 30000, 1, '2025-06-01', 2);

--
-- Indexes for dumped tables
--

--
-- Indexes for table `bangdutoanchiphi`
--
ALTER TABLE `bangdutoanchiphi`
  ADD PRIMARY KEY (`id`);

--
-- Indexes for table `chamcong`
--
ALTER TABLE `chamcong`
  ADD PRIMARY KEY (`id_cham_cong`),
  ADD KEY `id_nhan_su` (`id_nhan_su`),
  ADD KEY `id_cong_viec` (`id_cong_viec`,`id_loai_cong_viec`,`id_noi_dung_cong_viec`),
  ADD KEY `id_loai_cong_viec` (`id_loai_cong_viec`),
  ADD KEY `id_noi_dung_cong_viec` (`id_noi_dung_cong_viec`);

--
-- Indexes for table `congviec`
--
ALTER TABLE `congviec`
  ADD PRIMARY KEY (`id_cong_viec`);

--
-- Indexes for table `db_web_cham_cong_v3`
--
ALTER TABLE `db_web_cham_cong_v3`
  ADD PRIMARY KEY (`id`);

--
-- Indexes for table `loaicongviec`
--
ALTER TABLE `loaicongviec`
  ADD PRIMARY KEY (`id_loai_cong_viec`);

--
-- Indexes for table `nhansu`
--
ALTER TABLE `nhansu`
  ADD PRIMARY KEY (`id_nhan_su`);

--
-- Indexes for table `noidungcongviec`
--
ALTER TABLE `noidungcongviec`
  ADD PRIMARY KEY (`id_noi_dung_cong_viec`);

--
-- Indexes for table `phatsinh`
--
ALTER TABLE `phatsinh`
  ADD PRIMARY KEY (`id`),
  ADD KEY `id_nhan_su` (`id_nhan_su`) USING BTREE;

--
-- AUTO_INCREMENT for dumped tables
--

--
-- AUTO_INCREMENT for table `chamcong`
--
ALTER TABLE `chamcong`
  MODIFY `id_cham_cong` int(11) NOT NULL AUTO_INCREMENT, AUTO_INCREMENT=1137;

--
-- AUTO_INCREMENT for table `congviec`
--
ALTER TABLE `congviec`
  MODIFY `id_cong_viec` int(11) NOT NULL AUTO_INCREMENT, AUTO_INCREMENT=6;

--
-- AUTO_INCREMENT for table `loaicongviec`
--
ALTER TABLE `loaicongviec`
  MODIFY `id_loai_cong_viec` int(11) NOT NULL AUTO_INCREMENT, AUTO_INCREMENT=6;

--
-- AUTO_INCREMENT for table `noidungcongviec`
--
ALTER TABLE `noidungcongviec`
  MODIFY `id_noi_dung_cong_viec` int(11) NOT NULL AUTO_INCREMENT, AUTO_INCREMENT=36;

--
-- AUTO_INCREMENT for table `phatsinh`
--
ALTER TABLE `phatsinh`
  MODIFY `id` int(11) NOT NULL AUTO_INCREMENT, AUTO_INCREMENT=105;

--
-- Constraints for dumped tables
--

--
-- Constraints for table `chamcong`
--
ALTER TABLE `chamcong`
  ADD CONSTRAINT `chamcong_ibfk_1` FOREIGN KEY (`id_nhan_su`) REFERENCES `nhansu` (`id_nhan_su`),
  ADD CONSTRAINT `chamcong_ibfk_2` FOREIGN KEY (`id_loai_cong_viec`) REFERENCES `loaicongviec` (`id_loai_cong_viec`),
  ADD CONSTRAINT `chamcong_ibfk_3` FOREIGN KEY (`id_cong_viec`) REFERENCES `congviec` (`id_cong_viec`),
  ADD CONSTRAINT `chamcong_ibfk_4` FOREIGN KEY (`id_noi_dung_cong_viec`) REFERENCES `noidungcongviec` (`id_noi_dung_cong_viec`);

--
-- Constraints for table `phatsinh`
--
ALTER TABLE `phatsinh`
  ADD CONSTRAINT `phatsinh_ibfk_1` FOREIGN KEY (`id_nhan_su`) REFERENCES `nhansu` (`id_nhan_su`);
COMMIT;

/*!40101 SET CHARACTER_SET_CLIENT=@OLD_CHARACTER_SET_CLIENT */;
/*!40101 SET CHARACTER_SET_RESULTS=@OLD_CHARACTER_SET_RESULTS */;
/*!40101 SET COLLATION_CONNECTION=@OLD_COLLATION_CONNECTION */;
